Index,Topic,Description / Key Concepts
1,RF Communications Fundamentals,Foundational concepts in RF communication systems.
1.1,Signal Types,Classification of analog and digital modulation schemes.
1.2,Frequency Spectrum,Organization and use of frequency bands.
1.3,Modulation and Demodulation Concepts,Signal synchronization and recovery principles.
1.4,RF Front-End Architecture,Signal chain from antenna to ADC/DAC.
1.5,Propagation and Channel Fundamentals,Mechanisms of RF signal transmission and fading.
1.6,Antenna Fundamentals,MISSING
2,RF System Design Parameters,MISSING
2.1,System-level design,MISSING
2.2,Link Budget Analysis,Power balance across the communication path.
2.3,analysis,MISSING
2.4,Dynamic Range and Linearity,System linearity and compression performance.
2.5,and performance optimization,MISSING
2.6,Noise Performance,MISSING
2.7,Linearity and Interference Robustness,Intermodulation and blocking behavior.
2.8,Power Efficiency and Thermal Design,Efficiency optimization and thermal management.
2.9,Impedance Matching and Stability,Stability and impedance transformations.
3,Performance Metrics and Measurements,System performance quantification and testing.
3.1,Spectral Performance,Bandwidth and emissions characterization.
3.2,Receiver Performance,MISSING
3.3,Bit-Level Metrics,Bit error and vector error measurements.
3.4,System-Level Metrics,End-to-end system KPIs.
3.5,Nonlinear Distortion Metrics,MISSING
3.6,Time-Variant Metrics,MISSING
4,RF Testing and Validation,Verification and measurement environments.
4.1,Test Equipment,MISSING
4.2,Test Environments,MISSING
4.3,Automation and Control,MISSING
4.4,Calibration and Verification,Instrument calibration and traceability.
4.5,OTA MIMO/mmWave Testing,MISSING
4.6,EMC/EMI Testing,Regulatory emissions and susceptibility testing.
5,Communication System Evaluation,System-level testing and field validation.
5.1,Link-Level Simulation,Baseband modeling and BER validation.
5.2,System-Level Testing,KPI and multi-user testing.
5.3,Standards Compliance,MISSING
5.4,Field Measurements,MISSING
5.5,Reliability and Maintenance,MISSING
5.6,Network-Level Coexistence,Inter-system interference and coexistence.
6,Advanced Topics,Emerging and research-level areas in RF.
6.1,MIMO and Beamforming,MISSING
6.2,Simulation & Modeling,MISSING
6.11,Non-Terrestrial Networks (NTN),MISSING
6.12,Terahertz & Sub-THz,MISSING
6.13,Quantum & Secure RF,MISSING
6.14,Reconfigurable Intelligent Surfaces,MISSING
6.15,Hardware Nonidealities,MISSING
6.3,Adaptive Modulation and Coding,MISSING
6.4,Cognitive Radio,Spectrum sensing and access.
6.5,Machine Learning for RF,MISSING
6.6,Radar Systems,MISSING
6.7,Electronic Warfare,MISSING
6.8,Interference Management,MISSING
6.9,RF Sensing & ISAC,Joint radar-comm waveform design.
6.10,Hardware & Calibration,MISSING
7,RF System Integration and Implementation,Practical realization and manufacturing.
7.1,PCB Design,MISSING
7.2,Packaging and Integration,MISSING
7.3,Measurement Uncertainty,MISSING
1.1.1,Amplitude Modulation (AM),Basic analog modulation varying carrier amplitude.
1.1.10,Up/Down Conversion,Frequency translation and mixing operations.
1.1.2,Frequency Modulation (FM),Frequency deviation based analog modulation.
1.1.3,Phase Modulation (PM),Phase-based analog modulation scheme.
1.1.4,SSB / DSB-SC / VSB,Sideband modulation techniques and efficiency.
1.1.5,Bandwidth Efficiency and Demodulation,Trade-offs and demodulation principles.
1.1.6,ASK / FSK / PSK / QAM,Core digital modulation types.
1.1.7,OFDM / FBMC / UFMC,Multicarrier modulation schemes.
1.1.8,Pulse Shaping Filters,Raised Cosine and SRRC filtering.
1.1.9,IQ Representation and Complex Envelope,Baseband/passband modeling concepts.
1.2.1,HF / VHF / UHF / SHF / EHF,Band definitions and characteristics.
1.2.2,HF Applications,Long-range communications and propagation.
1.2.3,VHF Applications,Broadcast and airband communications.
1.2.4,UHF Applications,MISSING
1.2.4.1,Cellular,MISSING
1.2.4.2,Wi-Fi systems,MISSING
1.2.5,SHF/EHF Applications,Radar and satellite systems.
1.2.6,Regulatory Bodies,MISSING
1.2.6.1,ITU,MISSING
1.2.6.2,ETSI,MISSING
1.2.6.3,FCC coordination,MISSING
1.2.7,Frequency Reuse and Planning,Reuse factors and guard bands.
1.3.1,Carrier Synchronization,PLLs and Costas loops.
1.3.2,Symbol Timing Recovery,Gardner and Mueller & Müller algorithms.
1.3.3,Equalization,MISSING
1.3.3.1,Linear,MISSING
1.3.3.2,DFE,MISSING
1.3.3.3,and adaptive methods,MISSING
1.3.4,Error Detection,MISSING
1.3.4.1,CRC,MISSING
1.3.4.2,parity,MISSING
1.3.4.3,checksum,MISSING
1.3.5,Spectral Efficiency,Trade-offs between bits/Hz and robustness.
1.4.1,Transmitter Chain,DAC → Mixer → PA → Filter → Antenna.
1.4.2,Receiver Chain,Antenna → LNA → Mixer → Filter → ADC.
1.4.3,LNA,Noise figure optimization and impedance matching.
1.4.4,Mixer,LO leakage and image rejection.
1.4.5,Filters,MISSING
1.4.5.1,BPF,MISSING
1.4.5.2,LPF,MISSING
1.4.5.3,SAW/BAW design,MISSING
1.4.6,Power Amplifiers,MISSING
1.4.6.1,Efficiency,MISSING
1.4.6.2,linearity,MISSING
1.4.6.3,and thermal effects,MISSING
1.4.7,Architectures,MISSING
1.4.7.1,Direct conversion,MISSING
1.4.7.2,superheterodyne,MISSING
1.4.7.3,zero-IF,MISSING
1.4.8,Testing,MISSING
1.4.8.1,Gain flatness,MISSING
1.4.8.2,NF,MISSING
1.4.8.3,linearity,MISSING
1.4.8.4,and S11,MISSING
1.5.1,Free-space and Reflection,Line-of-sight and multipath.
1.5.2,Fresnel Zones and Diffraction,Path clearance and shadowing.
1.5.3,Ground and Sky Wave,Long-distance and atmospheric effects.
1.5.4,Atmospheric and Rain Attenuation,Frequency-dependent losses (ITU models).
1.5.5,Urban and Indoor Models,MISSING
1.5.5.1,COST 231,MISSING
1.5.5.2,Hata,MISSING
1.5.5.3,WINNER II,MISSING
1.5.6,Doppler and Mobility,Coherence time and Doppler spread.
1.6.1,Antenna theory,MISSING
1.6.2,Antenna Parameters,MISSING
1.6.1.1,Gain,MISSING
1.6.1.2,efficiency,MISSING
1.6.1.3,polarization,MISSING
1.6.1.4,impedance,MISSING
1.6.3,Antenna design,MISSING
1.6.4,Antenna Types,MISSING
1.6.2.1,Dipole,MISSING
1.6.2.2,patch,MISSING
1.6.2.3,horn,MISSING
1.6.2.4,Yagi,MISSING
1.6.2.5,array,MISSING
1.6.2.6,reflector,MISSING
1.6.5,Matching and Baluns,Impedance matching for maximum power transfer.
1.6.6,Radiation Pattern,Beamwidth and sidelobe control.
1.6.7,Antenna Diversity and MIMO,Spatial diversity and correlation.
1.6.8,Antenna Measurements,MISSING
1.6.6.1,Gain,MISSING
1.6.6.2,pattern,MISSING
1.6.6.3,VSWR,MISSING
1.6.6.4,and S11 testing,MISSING
2.1.1,Core Formula,Pr = Pt + Gt + Gr − Lp − Lsys.
2.1.2,Free Space Path Loss (FSPL),Lfs = 32.4 + 20 log d + 20 log f.
2.1.3,Fade Margin,Design margin for reliability.
2.1.4,Link Tools,Spreadsheet and MATLAB simulations.
2.2.1,Receiver Dynamic Range,Difference between MDS and max input.
2.2.2,Nonlinearity Metrics,MISSING
2.2.2.1,P1dB,MISSING
2.2.2.2,IP3,MISSING
2.2.2.3,SFDR,MISSING
2.2.3,Testing Methods,Two-tone and sweep measurements.
2.3.1,Noise figure,MISSING
2.3.2,Noise Figure,Definition and measurement.
2.3.3,cascaded effects,MISSING
2.3.4,Thermal Noise,Generated power kTB.
2.3.5,measurement,MISSING
2.3.6,Friis Formula,Cascaded NF calculation.
2.3.7,Measurement Methods,MISSING
2.3.4.1,Y-factor,MISSING
2.3.4.2,noise diode,MISSING
2.4.1,Intermodulation Distortion,3rd and 5th order products.
2.4.2,Blocking Performance,Adjacent channel immunity.
2.4.3,ACPR Measurement,Output spectral purity.
2.5.1,PA Efficiency,PAE and drain efficiency.
2.5.2,Thermal Management,Heat sinks and derating.
2.5.3,Envelope Tracking,Doherty and supply modulation.
2.6.1,Matching Networks,MISSING
2.6.1.1,L,MISSING
2.6.1.2,π,MISSING
2.6.1.3,and T network design,MISSING
2.6.2,Smith Chart,Visualization of impedance and reflection.
2.6.3,Stability Criteria,MISSING
2.6.3.1,Rollet’s K,MISSING
2.6.3.2,μ-factor,MISSING
2.6.4,Stability Circles,Feedback and oscillation control.
3.1.1,Occupied Bandwidth (OBW),99% power bandwidth.
3.1.2,ACPR/ACLR,Adjacent channel leakage.
3.1.3,Harmonics & Spurious,Compliance with spectral limits.
3.1.4,Phase Noise,Frequency stability and jitter.
3.2.1,Sensitivity,MISSING
3.2.2,Sensitivity,Minimum detectable signal.
3.2.3,selectivity,MISSING
3.2.4,Selectivity,Adjacent channel rejection.
3.2.5,blocking,MISSING
3.2.6,Blocking,Out-of-band interference tolerance.
3.2.7,Desensitization,In-band interference effects.
3.3.1,BER vs Eb/N0,Performance curves.
3.3.2,EVM,Error vector magnitude.
3.3.3,Constellation Analysis,IQ scatter visualization.
3.3.4,Eye Diagram,Timing and jitter analysis.
3.4.1,Throughput,Measured data rate.
3.4.2,Latency and Jitter,Timing consistency.
3.4.3,Reliability,MISSING
3.4.3.1,PER,MISSING
3.4.3.2,FER,MISSING
3.4.3.3,link availability,MISSING
3.5.1,AM-AM,MISSING
3.5.2,AM-PM,MISSING
3.5.3,IMD,MISSING
3.6.1,Group delay,MISSING
3.6.2,envelope delay distortion,MISSING
4.1.1,Spectrum analyzer,MISSING
4.1.2,VNA,MISSING
4.1.3,generator,MISSING
4.1.4,oscilloscope,MISSING
4.2.1,Anechoic,MISSING
4.2.2,conducted,MISSING
4.2.3,OTA,MISSING
4.2.4,environmental,MISSING
4.3.1,SCPI,MISSING
4.3.2,PyVISA,MISSING
4.3.3,LabVIEW,MISSING
4.3.4,HIL,MISSING
4.5.1,Beamforming,MISSING
4.5.2,OTA chamber,MISSING
4.5.3,channel sounding,MISSING
5.3.1,3GPP,MISSING
5.3.2,IEEE,MISSING
5.3.3,FCC,MISSING
5.3.4,ETSI conformance,MISSING
5.4.1,Drive testing,MISSING
5.4.2,spectrum scanning,MISSING
5.5.1,MTBF,MISSING
5.5.2,telemetry,MISSING
5.5.3,predictive maintenance,MISSING
6.1.1,Spatial multiplexing,MISSING
6.1.2,CSI,MISSING
6.1.3,beamforming,MISSING
6.10.1,Channel emulation,MISSING
6.10.2,DSP,MISSING
6.10.3,hardware-in-loop,MISSING
6.11.1,LEO/GEO links,MISSING
6.11.2,Doppler,MISSING
6.11.3,rain fade,MISSING
6.12.1,6G,MISSING
6.12.2,short-range,MISSING
6.12.3,spectroscopy,MISSING
6.13.1,Physical-layer security,MISSING
6.13.2,LPI,MISSING
6.13.3,QKD,MISSING
6.14.1,RIS design,MISSING
6.14.2,beam steering,MISSING
6.15.1,Phase noise,MISSING
6.15.2,LO leakage,MISSING
6.15.3,compensation,MISSING
6.2.1,CQI,MISSING
6.2.2,HARQ,MISSING
6.2.3,LDPC,MISSING
6.2.4,Turbo,MISSING
6.2.5,Polar,MISSING
6.4.1,Modulation recognition,MISSING
6.4.2,channel prediction,MISSING
6.5.1,Pulse,MISSING
6.5.2,FMCW,MISSING
6.5.3,MIMO radar,MISSING
6.5.4,CFAR,MISSING
6.6.1,ES,MISSING
6.6.2,EA,MISSING
6.6.3,EP,MISSING
6.6.4,jamming,MISSING
6.6.5,protection,MISSING
6.7.1,Guard bands,MISSING
6.7.2,filtering,MISSING
6.7.3,cancellation,MISSING
6.9.1,IQ imbalance,MISSING
6.9.2,DPD,MISSING
6.9.3,synchronization,MISSING
7.1.1,Microstrip,MISSING
7.1.2,CPW,MISSING
7.1.3,grounding,MISSING
7.1.4,shielding,MISSING
7.2.1,MMICs,MISSING
7.2.2,SiP,MISSING
7.2.3,SoC,MISSING
7.2.4,thermal design,MISSING
7.3.1,Error budgets,MISSING
7.3.2,repeatability,MISSING
7.3.3,statistical validation,MISSING
